"text","label"
"kubectl get pods shows CrashLoopBackOff - troubleshoot steps","ops"
"pod stuck in ImagePullBackOff - how to debug","ops"
"kubectl describe pod shows FailedScheduling - what to check","ops"
"service has no endpoints in Kubernetes - diagnose","ops"
"ingress returns 503 - debug ingress controller and service","ops"
"kubernetes readiness probe failing intermittently - root causes","ops"
"liveness probe kills pod - how to tune","ops"
"node NotReady after reboot - investigation checklist","ops"
"kubelet keeps restarting - where to look","ops"
"coredns pods restarting - debug DNS in cluster","ops"
"pod cannot resolve DNS names - troubleshoot CoreDNS","ops"
"kubernetes cluster API server timeout - what to check","ops"
"kubectl commands are slow - diagnose latency","ops"
"cannot connect to the Kubernetes cluster - x509 certificate error","ops"
"kubernetes certificate expired - renewal steps","ops"
"kubeadm join fails - token or discovery issues","ops"
"etcd health check failing - how to debug","ops"
"pod stuck in Terminating - force delete considerations","ops"
"daemonset not scheduling on all nodes - reasons","ops"
"persistent volume stuck Pending - storage class mismatch","ops"
"PVC bound but pod cannot mount volume - debug","ops"
"volume mount permission denied inside pod - fix","ops"
"statefulset pods not coming up - ordered startup issues","ops"
"horizontal pod autoscaler not scaling - verify metrics","ops"
"metrics-server not reporting - troubleshoot","ops"
"pod OOMKilled - determine memory limits and leaks","ops"
"container CPU throttling - how to detect and mitigate","ops"
"kubernetes evicted pods due to disk pressure - remediation","ops"
"node disk pressure - cleanup strategy","ops"
"ingress TLS handshake error - certificate/ALB issues","ops"
"ALB ingress created multiple load balancers unexpectedly - debug grouping","ops"
"ingress path routing not working as expected - ordering rules","ops"
"nginx ingress returns 404 for path - rewrite configuration","ops"
"service type LoadBalancer not getting external IP - diagnose","ops"
"clusterIP service unreachable from pod - network policy?","ops"
"network policy blocks traffic - how to validate","ops"
"calico kube-controllers crash - troubleshoot","ops"
"flannel pods not ready - fix overlay networking","ops"
"iptables rules interfering with Kubernetes - troubleshooting","ops"
"cni plugin error: failed to set up sandbox - debug","ops"
"containerd not running on node - how to recover","ops"
"dockerd fails to start after update - diagnose","ops"
"docker container exits immediately - inspect and debug","ops"
"docker logs show permission denied writing files - fix user/volume","ops"
"docker build fails: no space left on device - cleanup","ops"
"docker compose up fails due to port already in use - resolve","ops"
"docker compose service cannot reach another service by name - network debug","ops"
"docker compose env_file precedence confusion - resolve","ops"
"docker compose build requires buildx newer version - fix buildx","ops"
"docker buildx not found - install and configure plugin","ops"
"multi-stage Dockerfile copy fails: file not found - diagnose stages","ops"
"Dockerfile CMD not executed as expected - entrypoint vs command issue","ops"
"Docker healthcheck failing - interpret statuses","ops"
"Docker container cannot connect to host service - networking options","ops"
"Docker on Mac: compose replicas and port assignment strategy","ops"
"Docker compose scale with reverse proxy - implement routing","ops"
"nginx reverse proxy returns 502 to upstream container - debug","ops"
"TLS termination at reverse proxy - backend protocol mismatch","ops"
"python app in container cannot resolve DNS - check resolv.conf","ops"
"container time drift issues - sync time settings","ops"
"linux systemd service keeps restarting - check journalctl","ops"
"ssh connection refused to server - troubleshooting steps","ops"
"sshd config change locked me out - recovery steps","ops"
"sudoers misconfiguration prevents sudo - fix safely","ops"
"linux disk full - identify large directories quickly","ops"
"tmpfs filling up - how to diagnose and clean","ops"
"permission denied on /var/log - fix ownership and permissions","ops"
"cron job not running - debug cron logs and environment","ops"
"system DNS resolution broken - troubleshoot resolv.conf and systemd-resolved","ops"
"routing table missing default route - restore connectivity","ops"
"iptables blocks outbound traffic - debug rule order","ops"
"firewalld rules not applied - troubleshoot zones","ops"
"TLS certificate chain incomplete - browsers reject - fix chain","ops"
"x509 unknown authority when calling API - add CA cert","ops"
"curl works but app fails TLS - diagnose trust store","ops"
"nginx config test fails - locate syntax error","ops"
"nginx reload fails - check error logs","ops"
"apache not starting due to port conflict - resolve","ops"
"postgres connection refused from app - network or auth issue","ops"
"redis connection timeout inside cluster - debug service","ops"
"mongodb replica set not forming - debug election","ops"
"mysql slow queries - find root cause quickly","ops"
"AWS EC2 instance cannot reach internet in private subnet - NAT route","ops"
"AWS security group allows but still blocked - NACL check","ops"
"AWS VPC flow logs show REJECT - interpret","ops"
"AWS ALB returns 504 - investigate target health and timeouts","ops"
"AWS NLB health checks failing - troubleshoot listener and target port","ops"
"AWS IAM access denied - identify missing permissions","ops"
"AWS STS assume role fails with AccessDenied - debug trust policy","ops"
"AWS SSO login works locally but CI fails - troubleshoot credentials","ops"
"AWS Lambda timeout - optimize and adjust settings","ops"
"AWS Lambda cannot access VPC resource - subnet/SG configuration","ops"
"AWS Lambda cannot import module - packaging issue","ops"
"AWS Lambda triggered twice unexpectedly - event source debugging","ops"
"AWS S3 event not triggering Lambda - verify notifications","ops"
"AWS SQS consumer not receiving messages - diagnose visibility timeout","ops"
"AWS DynamoDB throttling - mitigate with capacity and backoff","ops"
"AWS Redshift connection fails from Lambda - network and credentials","ops"
"Terraform plan differs each run - diagnose drift and ordering","ops"
"Terraform apply stuck acquiring state lock - resolve lock issues","ops"
"Terraform backend init fails - S3/KMS permissions","ops"
"Terraform module output not found - fix references","ops"
"Terraform provider alias misconfigured - debug multiple providers","ops"
"Terraform dependency cycle detected - refactor","ops"
"Terraform resource recreation on no changes - identify forces new","ops"
"Terragrunt include and dependency issues - troubleshoot","ops"
"Helm install fails: cannot re-use a name that is still in use","ops"
"Helm upgrade fails due to immutable field - strategy","ops"
"Helm chart values not applied - debug value precedence","ops"
"ArgoCD app OutOfSync but resources look correct - investigate","ops"
"ArgoCD cannot access repo - credentials and connectivity","ops"
"GitHub Actions workflow failing to authenticate to AWS - OIDC debug","ops"
"GitHub Actions uses wrong environment variables - fix context","ops"
"CI pipeline fails only on runner - dependency mismatch","ops"
"container build fails due to missing build deps - add build stage packages","ops"
"python pip install fails behind proxy - configure pip and certs","ops"
"python app crashes on startup in container - capture stack trace","ops"
"gunicorn worker timeout - tune workers and timeouts","ops"
"uvicorn reload not working in container - volume mount issue","ops"
"fastapi returns 422 unexpectedly - request schema mismatch","ops"
"api returns 500 with no logs - enable structured logging","ops"
"structured JSON logs in containers - how to configure","ops"
"log rotation not happening - fix logging driver or config","ops"
"OpenTelemetry collector not exporting logs - pipeline debug","ops"
"Prometheus scrape target down - troubleshoot service discovery","ops"
"Grafana shows no data - check datasource and metrics","ops"
"Jaeger not receiving traces - verify instrumentation","ops"
"node exporter missing metrics - validate endpoint","ops"
"kubernetes events show BackOff restarting failed container - interpret","ops"
"container registry auth fails - docker login and credentials store","ops"
"image pull from private registry fails in k8s - imagePullSecrets","ops"
"certificate manager not issuing cert - ACME challenges failing","ops"
"ingress annotation ignored - wrong ingressClass?","ops"
"multiple ingress controllers installed - traffic goes to wrong one","ops"
"service account lacks permissions - RBAC forbidden errors","ops"
"clusterrolebinding misconfigured - fix access","ops"
"pod cannot access AWS metadata - IMDSv2 settings","ops"
"IRSA not working - validate OIDC provider and annotations","ops"
"application cannot bind to port in container - permission or conflict","ops"
"graceful shutdown not working - signal handling in container","ops"
"high latency between services in compose network - debug DNS and routing","ops"
"container cannot reach another container after restart - name resolution issues","ops"
"compose network created but containers isolated - fix network configuration","ops"
"unexpected 404 from backend - check gateway routing and paths","ops"
"gateway returns 502 - upstream service unhealthy","ops"
"healthcheck passes but app still fails requests - improve health endpoint","ops"
"cpu usage spikes under load - profile and optimize","ops"
"memory leak suspected - monitor and reproduce","ops"
"file descriptor limit reached - increase ulimit and fix leaks","ops"
"too many open files error in container - diagnose ulimits","ops"
"TLS between services required - configure mTLS locally","ops"
"api requests fail with CORS in browser - configure CORS middleware","ops"
"static files not served from FastAPI - correct mounting","ops"
"docker compose down deletes volumes unexpectedly - avoid data loss","ops"
"bind mount path invalid on Windows - adjust compose paths","ops"
"line endings CRLF cause script failure in container - fix","ops"
"python package builds fail on alpine - switch base image or add deps","ops"
"musl vs glibc compatibility issue in container - resolve","ops"
"container time zone incorrect - set TZ env and verify","ops"
"web UI not loading - confirm gateway serves index.html","ops"
"api returns slow responses - add timing instrumentation","ops"
"what is a reverse proxy and how does it work","search"
"explain docker networking modes bridge host overlay","search"
"compare nginx ingress vs traefik","search"
"what is kubernetes ingress","search"
"explain difference between service and ingress in kubernetes","search"
"what is docker compose and when to use it","search"
"compare docker compose vs kubernetes","search"
"what is a container image","search"
"explain multi stage dockerfile benefits","search"
"what is docker buildx","search"
"compare alpine vs debian base images","search"
"what is a healthcheck in docker","search"
"explain entrypoint vs command in docker","search"
"what is tfidf in machine learning","search"
"explain logistic regression in simple terms","search"
"what is intent classification","search"
"how does text classification work","search"
"what is machine learning inference","search"
"what is the difference between ai and machine learning","search"
"explain supervised vs unsupervised learning","search"
"what is overfitting in machine learning","search"
"what is a confusion matrix","search"
"explain precision recall and accuracy","search"
"what is probability thresholding in classifiers","search"
"how does predict_proba work","search"
"what is an api gateway","search"
"explain microservices architecture","search"
"what is service to service communication","search"
"compare monolith vs microservices","search"
"what is an application load balancer","search"
"explain http status codes","search"
"what does http 404 mean","search"
"what is graceful degradation in systems","search"
"what is fallback routing","search"
"explain circuit breaker pattern","search"
"what is idempotency in apis","search"
"what is request tracing","search"
"explain correlation ids","search"
"what is structured logging","search"
"what is observability","search"
"explain logs metrics and traces","search"
"what is prometheus","search"
"what is grafana used for","search"
"what is opentelemetry","search"
"what is jaeger","search"
"what is a sidecar pattern","search"
"what is a service mesh","search"
"compare service mesh vs api gateway","search"
"what is dns based service discovery","search"
"what is round robin load balancing","search"
"what is sticky sessions","search"
"what is rate limiting","search"
"explain retries and backoff","search"
"what is timeout vs retry","search"
"what is tls termination","search"
"what is mtls","search"
"what is a certificate authority","search"
"what is x509 certificate","search"
"what is a trust store","search"
"what is a private ca","search"
"what is oauth","search"
"what is oidc","search"
"what is aws iam","search"
"what is aws sts","search"
"what is assume role","search"
"what is aws sso","search"
"what is aws vpc","search"
"explain subnets route tables and gateways","search"
"what is nat gateway","search"
"what is internet gateway","search"
"what is security group","search"
"what is network acl","search"
"what are vpc flow logs","search"
"what is aws alb vs nlb","search"
"what is aws lambda","search"
"what is serverless computing","search"
"what is cold start","search"
"what is aws sqs","search"
"what is message queue","search"
"what is event driven architecture","search"
"what is aws dynamodb","search"
"what is nosql database","search"
"what is aws redshift","search"
"what is data warehouse","search"
"what is terraform","search"
"what is infrastructure as code","search"
"what is terraform state","search"
"what is remote backend in terraform","search"
"what is terragrunt","search"
"what is helm in kubernetes","search"
"what is a helm chart","search"
"what are helm values","search"
"what is argocd","search"
"what is gitops","search"
"what is continuous delivery","search"
"what is continuous deployment","search"
"what is cicd pipeline","search"
"what is github actions","search"
"what is oidc authentication","search"
"what is zero trust security","search"
"what is principle of least privilege","search"
"what is rbac","search"
"what is service account","search"
"what is kubernetes namespace","search"
"what is a pod","search"
"what is a deployment in kubernetes","search"
"what is a statefulset","search"
"what is a daemonset","search"
"what is a configmap","search"
"what is a secret in kubernetes","search"
"what is hpa","search"
"what is autoscaling","search"
"what is cpu throttling","search"
"what is oomkill","search"
"what is container orchestration","search"
"what is linux namespace","search"
"what is cgroup","search"
"what is process isolation","search"
"what is systemd","search"
"what is journald","search"
"what is cron","search"
"what is ssh","search"
"what is tls handshake","search"
"what is dns resolution","search"
"what is iptables","search"
"what is firewall","search"
"what is reverse dns","search"
"what is load testing","search"
"what is latency vs throughput","search"
"what is capacity planning","search"
"what is blue green deployment","search"
"what is canary deployment","search"
"what is feature flag","search"
"what is chaos engineering","search"
"what is sre","search"
"what is devops","search"
"what is platform engineering","search"
"what is cloud native","search"
"what is container registry","search"
"what is docker hub","search"
"what is image tagging","search"
"what is semantic versioning","search"
"what is api versioning","search"
"what is backward compatibility","search"
"what is forward compatibility","search"
"what is retry storm","search"
"what is thundering herd problem","search"
"what is caching","search"
"what is cdn","search"
"what is http keep alive","search"
"what is grpc","search"
"what is rest api","search"
"what is openapi specification","search"
"what is json schema","search"
"what is yaml used for","search"
"what is env file in docker compose","search"
"what is compose profile","search"
"what are compose anchors and aliases","search"
"what is kubernetes operator","search"
"explain container runtime vs orchestrator","search"
"detect objects in an image","image"
"identify people in a photo","image"
"blur faces in a picture","image"
"generate captions for an image","image"
"classify objects in this photo","image"
"extract text from an image using ocr","image"
"convert scanned image to text","image"
"detect license plates in images","image"
"recognize faces in a photo","image"
"count people in an image","image"
"detect animals in wildlife photos","image"
"detect cars and traffic signs in image","image"
"segment foreground and background in image","image"
"remove background from an image","image"
"enhance image quality using ai","image"
"denoise a noisy image","image"
"sharpen a blurry photo","image"
"resize image while keeping aspect ratio","image"
"crop image automatically around subject","image"
"detect edges in image","image"
"detect text regions in image","image"
"translate text found in image","image"
"read handwriting from image","image"
"detect barcodes in image","image"
"scan qr code from photo","image"
"classify image content","image"
"detect emotions from facial expression in image","image"
"detect age and gender from face image","image"
"detect pose in human image","image"
"recognize landmarks in images","image"
"detect logos in images","image"
"detect brand logos in photo","image"
"analyze medical image for anomalies","image"
"classify xray image","image"
"detect tumors in medical images","image"
"detect cracks in infrastructure images","image"
"inspect product defects using images","image"
"detect scratches in manufacturing images","image"
"compare two images for similarity","image"
"find differences between two images","image"
"image similarity search","image"
"reverse image search","image"
"find visually similar images","image"
"detect duplicates in image dataset","image"
"extract dominant colors from image","image"
"identify color palette of image","image"
"classify image style","image"
"detect nsfw content in images","image"
"detect inappropriate images","image"
"moderate image content","image"
"recognize handwritten digits from image","image"
"classify handwritten characters","image"
"digit recognition from scanned image","image"
"detect objects in satellite imagery","image"
"analyze aerial photos","image"
"count buildings in satellite image","image"
"detect roads in satellite images","image"
"analyze drone footage frames","image"
"detect motion between frames","image"
"extract frames from video for analysis","image"
"perform image classification on video frames","image"
"detect faces in video frames","image"
"track objects across frames","image"
"optical character recognition on receipts","image"
"scan receipt image","image"
"extract invoice data from image","image"
"extract table from image","image"
"document layout analysis from image","image"
"detect stamps and signatures in image","image"
"verify signature from scanned image","image"
"analyze image histogram","image"
"detect exposure issues in image","image"
"detect overexposed regions in photo","image"
"correct white balance in image","image"
"image color correction","image"
"apply style transfer to image","image"
"convert image to grayscale","image"
"convert image format","image"
"compress image without quality loss","image"
"estimate depth from image","image"
"detect 3d structure from image","image"
"image super resolution","image"
"upscale low resolution image","image"
"image restoration","image"
"remove image artifacts","image"
"detect keypoints in image","image"
"feature extraction from image","image"
"image feature matching","image"
"classify document image type","image"
"detect charts in image","image"
"extract data from chart image","image"
"recognize handwritten notes from photo","image"
"read whiteboard photo","image"
"detect faces with masks in image","image"
"count crowd density from image","image"
"detect smoke or fire in image","image"
"detect flooding in images","image"
"detect damage from disaster images","image"
"detect potholes in road images","image"
"detect defects in pcb images","image"
"industrial visual inspection","image"
"detect missing components in image","image"
"detect anomalies in image data","image"
"visual anomaly detection","image"
"detect changes between images over time","image"
"image change detection","image"
"semantic segmentation of image","image"
"instance segmentation in image","image"
"panoptic segmentation of image","image"
"image classification with convolutional neural networks","image"
"object detection using yolo","image"
"image recognition using ai","image"
"computer vision image analysis","image"
"process uploaded image file","image"
"analyze jpg image","image"
"analyze png image","image"
"detect objects in uploaded photo","image"
"read image from disk and analyze","image"
"process base64 encoded image","image"
"image processing pipeline","image"
"batch process images","image"
"analyze image dataset","image"
"resize image to fit canvas","image"
"detect skin lesions in dermatology image","image"
"identify plant species from leaf image","image"
"detect rust or corrosion in image","image"
"measure object dimensions in image","image"
"detect lane lines in road image","image"
"segment skin from background in portrait","image"
"generate thumbnail from image","image"
"detect watermark in image","image"
"remove watermark from image","image"
"detect blur level in photo","image"
"auto-rotate image based on exif","image"
"detect and crop document from photo","image"
"extract form fields from document image","image"
"detect table structure in image","image"
"classify scene type in image","image"
"detect indoor vs outdoor from image","image"
"identify weather from image","image"
"detect time of day from image","image"
"segment sky from landscape image","image"
"detect vegetation in aerial image","image"
"count trees in satellite image","image"
"detect water bodies in image","image"
"classify food in photo","image"
"detect ingredients from food image","image"
"estimate calories from food image","image"
"detect packaging defects in image","image"
"read serial number from product image","image"
"detect tampering in image","image"
"identify image source or camera model","image"
"detect image manipulation","image"
"stylize image with artistic filter","image"
"generate image from text description","image"
"edit specific region in image","image"
"inpaint missing region in image","image"
"detect and classify wildlife in camera trap image","image"
"segment person from photo","image"
"detect and read street signs in image","image"
"hello","unknown"
"hi","unknown"
"hey","unknown"
"good morning","unknown"
"good evening","unknown"
"how are you","unknown"
"what's up","unknown"
"sup","unknown"
"yo","unknown"
"nice to meet you","unknown"
"tell me a joke","unknown"
"make me laugh","unknown"
"say something funny","unknown"
"do you like music","unknown"
"what is your favorite color","unknown"
"what do you think about life","unknown"
"what is love","unknown"
"who are you","unknown"
"are you human","unknown"
"do you have feelings","unknown"
"can you think","unknown"
"what do you feel right now","unknown"
"what should I eat today","unknown"
"recommend a movie","unknown"
"recommend a book","unknown"
"what's the best song ever","unknown"
"sing me a song","unknown"
"write me a poem","unknown"
"tell me a story","unknown"
"once upon a time","unknown"
"can you help me","unknown"
"help","unknown"
"i need help","unknown"
"something is wrong","unknown"
"this is weird","unknown"
"that doesn't work","unknown"
"why","unknown"
"how","unknown"
"what","unknown"
"when","unknown"
"where","unknown"
"who","unknown"
"asdf","unknown"
"asdf qwer zxcv","unknown"
"lorem ipsum","unknown"
"random text","unknown"
"blah blah blah","unknown"
"123456","unknown"
"!!!!","unknown"
"????","unknown"
"......","unknown"
"test","unknown"
"testing","unknown"
"just testing","unknown"
"does this work","unknown"
"is this on","unknown"
"ping","unknown"
"pong","unknown"
"ok","unknown"
"okay","unknown"
"sure","unknown"
"cool","unknown"
"nice","unknown"
"thanks","unknown"
"thank you","unknown"
"thx","unknown"
"pls","unknown"
"please","unknown"
"can you do that","unknown"
"can you do this","unknown"
"can you explain","unknown"
"i don't understand","unknown"
"that makes no sense","unknown"
"what is going on","unknown"
"why is this happening","unknown"
"this is confusing","unknown"
"i am confused","unknown"
"huh","unknown"
"umm","unknown"
"erm","unknown"
"lol","unknown"
"haha","unknown"
"rofl","unknown"
"lmao","unknown"
":)","unknown"
":(","unknown"
";)","unknown"
"<3","unknown"
"¯\\_(ツ)_/¯","unknown"
"what time is it","unknown"
"what day is today","unknown"
"what's the weather","unknown"
"is it raining","unknown"
"how hot is it","unknown"
"where am i","unknown"
"where are you","unknown"
"are we there yet","unknown"
"what does this mean","unknown"
"explain this","unknown"
"can you clarify","unknown"
"does that matter","unknown"
"maybe","unknown"
"perhaps","unknown"
"i guess","unknown"
"not sure","unknown"
"whatever","unknown"
"doesn't matter","unknown"
"never mind","unknown"
"forget it","unknown"
"ignore that","unknown"
"cancel","unknown"
"stop","unknown"
"exit","unknown"
"quit","unknown"
"bye","unknown"
"goodbye","unknown"
"see you later","unknown"
"talk to you later","unknown"
"farewell","unknown"
"have a nice day","unknown"
"good luck","unknown"
"cheers","unknown"
"random question","unknown"
"off topic","unknown"
"this is off topic","unknown"
"something else","unknown"
"another thing","unknown"
"one more thing","unknown"
"by the way","unknown"
"also","unknown"
"anyway","unknown"
"moving on","unknown"
"just curious","unknown"
"out of curiosity","unknown"
"for fun","unknown"
"for no reason","unknown"
"because why not","unknown"
"hey there","unknown"
"good afternoon","unknown"
"good night","unknown"
"how's it going","unknown"
"what are you doing","unknown"
"guess what","unknown"
"no way","unknown"
"really","unknown"
"seriously","unknown"
"wait what","unknown"
"hold on","unknown"
"one sec","unknown"
"brb","unknown"
"gotta go","unknown"
"catch you later","unknown"
"later","unknown"
"cya","unknown"
"ttys","unknown"
"idk","unknown"
"idc","unknown"
"smh","unknown"
"tbh","unknown"
"imo","unknown"
"jest tests timeout in CI - increase timeout","ops"
"redis connection refused - firewall rules","ops"
"elasticsearch cluster yellow - replica allocation","ops"
"gunicorn workers dying - memory leak","ops"
"postgres deadlock - identify blocking queries","ops"
"kafka consumer lag increasing - scale consumers","ops"
"slack webhook returns 400 - payload format","ops"
"nginx high latency under load - what logs to inspect","ops"
"nginx returns 502 to upstream - recovery steps","ops"
"nginx returns 504 intermittently - what logs to inspect","ops"
"nginx crashes after config reload - recovery steps","ops"
"nginx memory usage keeps growing - what logs to inspect","ops"
"nginx cpu spikes every few minutes - recovery steps","ops"
"nginx health checks fail after deploy - debug checklist","ops"
"nginx readiness probe flaps - root cause analysis steps","ops"
"nginx connections timeout intermittently - what logs to inspect","ops"
"nginx tls handshake fails - debug checklist","ops"
"nginx cannot resolve service names - what to verify first","ops"
"nginx authentication fails after restart - what to verify first","ops"
"haproxy high latency under load - step by step diagnosis","ops"
"haproxy returns 502 to upstream - recovery steps","ops"
"haproxy returns 504 intermittently - how to confirm the fix","ops"
"haproxy crashes after config reload - triage plan","ops"
"haproxy memory usage keeps growing - runbook","ops"
"haproxy cpu spikes every few minutes - what logs to inspect","ops"
"haproxy health checks fail after deploy - what logs to inspect","ops"
"haproxy readiness probe flaps - how to isolate the problem","ops"
"haproxy connections timeout intermittently - triage plan","ops"
"haproxy tls handshake fails - what logs to inspect","ops"
"haproxy cannot resolve service names - root cause analysis steps","ops"
"haproxy authentication fails after restart - root cause analysis steps","ops"
"traefik high latency under load - what logs to inspect","ops"
"traefik returns 502 to upstream - how to isolate the problem","ops"
"traefik returns 504 intermittently - runbook","ops"
"traefik crashes after config reload - triage plan","ops"
"traefik memory usage keeps growing - root cause analysis steps","ops"
"traefik cpu spikes every few minutes - recovery steps","ops"
"traefik health checks fail after deploy - step by step diagnosis","ops"
"traefik readiness probe flaps - runbook","ops"
"traefik connections timeout intermittently - runbook","ops"
"traefik tls handshake fails - root cause analysis steps","ops"
"traefik cannot resolve service names - what to verify first","ops"
"traefik authentication fails after restart - root cause analysis steps","ops"
"envoy high latency under load - debug checklist","ops"
"envoy returns 502 to upstream - debug checklist","ops"
"envoy returns 504 intermittently - root cause analysis steps","ops"
"envoy crashes after config reload - debug checklist","ops"
"envoy memory usage keeps growing - recovery steps","ops"
"envoy cpu spikes every few minutes - what to verify first","ops"
"envoy health checks fail after deploy - root cause analysis steps","ops"
"envoy readiness probe flaps - triage plan","ops"
"envoy connections timeout intermittently - what logs to inspect","ops"
"envoy tls handshake fails - step by step diagnosis","ops"
"envoy cannot resolve service names - debug checklist","ops"
"envoy authentication fails after restart - root cause analysis steps","ops"
"redis high latency under load - what logs to inspect","ops"
"redis returns 502 to upstream - recovery steps","ops"
"redis returns 504 intermittently - recovery steps","ops"
"redis crashes after config reload - what logs to inspect","ops"
"redis memory usage keeps growing - triage plan","ops"
"redis cpu spikes every few minutes - runbook","ops"
"redis health checks fail after deploy - debug checklist","ops"
"redis readiness probe flaps - what to verify first","ops"
"redis connections timeout intermittently - runbook","ops"
"redis tls handshake fails - what logs to inspect","ops"
"redis cannot resolve service names - recovery steps","ops"
"redis authentication fails after restart - triage plan","ops"
"postgres high latency under load - step by step diagnosis","ops"
"postgres returns 502 to upstream - how to isolate the problem","ops"
"postgres returns 504 intermittently - how to confirm the fix","ops"
"postgres crashes after config reload - recovery steps","ops"
"postgres memory usage keeps growing - how to confirm the fix","ops"
"postgres cpu spikes every few minutes - how to isolate the problem","ops"
"postgres health checks fail after deploy - what to verify first","ops"
"postgres readiness probe flaps - what to verify first","ops"
"postgres connections timeout intermittently - step by step diagnosis","ops"
"postgres tls handshake fails - what logs to inspect","ops"
"postgres cannot resolve service names - how to isolate the problem","ops"
"postgres authentication fails after restart - recovery steps","ops"
"mysql high latency under load - what to verify first","ops"
"mysql returns 502 to upstream - recovery steps","ops"
"mysql returns 504 intermittently - recovery steps","ops"
"mysql crashes after config reload - how to confirm the fix","ops"
"mysql memory usage keeps growing - what to verify first","ops"
"mysql cpu spikes every few minutes - debug checklist","ops"
"mysql health checks fail after deploy - triage plan","ops"
"mysql readiness probe flaps - debug checklist","ops"
"mysql connections timeout intermittently - debug checklist","ops"
"mysql tls handshake fails - debug checklist","ops"
"mysql cannot resolve service names - step by step diagnosis","ops"
"mysql authentication fails after restart - triage plan","ops"
"mongodb high latency under load - step by step diagnosis","ops"
"mongodb returns 502 to upstream - recovery steps","ops"
"mongodb returns 504 intermittently - recovery steps","ops"
"mongodb crashes after config reload - recovery steps","ops"
"mongodb memory usage keeps growing - step by step diagnosis","ops"
"mongodb cpu spikes every few minutes - how to isolate the problem","ops"
"mongodb health checks fail after deploy - how to confirm the fix","ops"
"mongodb readiness probe flaps - triage plan","ops"
"mongodb connections timeout intermittently - what logs to inspect","ops"
"mongodb tls handshake fails - what logs to inspect","ops"
"mongodb cannot resolve service names - what logs to inspect","ops"
"mongodb authentication fails after restart - how to isolate the problem","ops"
"elasticsearch high latency under load - root cause analysis steps","ops"
"elasticsearch returns 502 to upstream - how to confirm the fix","ops"
"elasticsearch returns 504 intermittently - what logs to inspect","ops"
"elasticsearch crashes after config reload - step by step diagnosis","ops"
"elasticsearch memory usage keeps growing - what logs to inspect","ops"
"elasticsearch cpu spikes every few minutes - triage plan","ops"
"elasticsearch health checks fail after deploy - recovery steps","ops"
"elasticsearch readiness probe flaps - what logs to inspect","ops"
"elasticsearch connections timeout intermittently - what logs to inspect","ops"
"elasticsearch tls handshake fails - triage plan","ops"
"elasticsearch cannot resolve service names - step by step diagnosis","ops"
"elasticsearch authentication fails after restart - what logs to inspect","ops"
"kafka high latency under load - runbook","ops"
"kafka returns 502 to upstream - what logs to inspect","ops"
"kafka returns 504 intermittently - runbook","ops"
"kafka crashes after config reload - root cause analysis steps","ops"
"kafka memory usage keeps growing - how to isolate the problem","ops"
"kafka cpu spikes every few minutes - how to isolate the problem","ops"
"kafka health checks fail after deploy - recovery steps","ops"
"kafka readiness probe flaps - root cause analysis steps","ops"
"kafka connections timeout intermittently - what to verify first","ops"
"kafka tls handshake fails - how to confirm the fix","ops"
"kafka cannot resolve service names - what to verify first","ops"
"kafka authentication fails after restart - what logs to inspect","ops"
"rabbitmq high latency under load - what to verify first","ops"
"rabbitmq returns 502 to upstream - triage plan","ops"
"rabbitmq returns 504 intermittently - debug checklist","ops"
"rabbitmq crashes after config reload - what to verify first","ops"
"rabbitmq memory usage keeps growing - how to confirm the fix","ops"
"rabbitmq cpu spikes every few minutes - runbook","ops"
"rabbitmq health checks fail after deploy - what logs to inspect","ops"
"rabbitmq readiness probe flaps - what to verify first","ops"
"rabbitmq connections timeout intermittently - triage plan","ops"
"rabbitmq tls handshake fails - how to isolate the problem","ops"
"rabbitmq cannot resolve service names - what to verify first","ops"
"rabbitmq authentication fails after restart - what to verify first","ops"
"vault high latency under load - root cause analysis steps","ops"
"vault returns 502 to upstream - how to confirm the fix","ops"
"vault returns 504 intermittently - what to verify first","ops"
"vault crashes after config reload - how to isolate the problem","ops"
"vault memory usage keeps growing - what to verify first","ops"
"vault cpu spikes every few minutes - root cause analysis steps","ops"
"vault health checks fail after deploy - runbook","ops"
"vault readiness probe flaps - runbook","ops"
"vault connections timeout intermittently - how to confirm the fix","ops"
"vault tls handshake fails - how to confirm the fix","ops"
"vault cannot resolve service names - how to confirm the fix","ops"
"vault authentication fails after restart - runbook","ops"
"consul high latency under load - how to confirm the fix","ops"
"consul returns 502 to upstream - what to verify first","ops"
"consul returns 504 intermittently - step by step diagnosis","ops"
"consul crashes after config reload - runbook","ops"
"consul memory usage keeps growing - debug checklist","ops"
"consul cpu spikes every few minutes - triage plan","ops"
"consul health checks fail after deploy - runbook","ops"
"consul readiness probe flaps - what to verify first","ops"
"consul connections timeout intermittently - triage plan","ops"
"consul tls handshake fails - step by step diagnosis","ops"
"consul cannot resolve service names - root cause analysis steps","ops"
"consul authentication fails after restart - how to confirm the fix","ops"
"minio high latency under load - step by step diagnosis","ops"
"minio returns 502 to upstream - triage plan","ops"
"minio returns 504 intermittently - what logs to inspect","ops"
"minio crashes after config reload - recovery steps","ops"
"minio memory usage keeps growing - step by step diagnosis","ops"
"minio cpu spikes every few minutes - triage plan","ops"
"minio health checks fail after deploy - debug checklist","ops"
"minio readiness probe flaps - how to isolate the problem","ops"
"minio connections timeout intermittently - recovery steps","ops"
"minio tls handshake fails - root cause analysis steps","ops"
"minio cannot resolve service names - step by step diagnosis","ops"
"minio authentication fails after restart - step by step diagnosis","ops"
"prometheus high latency under load - what to verify first","ops"
"prometheus returns 502 to upstream - runbook","ops"
"prometheus returns 504 intermittently - what logs to inspect","ops"
"prometheus crashes after config reload - what to verify first","ops"
"prometheus memory usage keeps growing - what logs to inspect","ops"
"prometheus cpu spikes every few minutes - step by step diagnosis","ops"
"prometheus health checks fail after deploy - what to verify first","ops"
"prometheus readiness probe flaps - what logs to inspect","ops"
"prometheus connections timeout intermittently - root cause analysis steps","ops"
"prometheus tls handshake fails - what logs to inspect","ops"
"prometheus cannot resolve service names - debug checklist","ops"
"prometheus authentication fails after restart - runbook","ops"
"grafana high latency under load - triage plan","ops"
"grafana returns 502 to upstream - triage plan","ops"
"grafana returns 504 intermittently - runbook","ops"
"grafana crashes after config reload - triage plan","ops"
"grafana memory usage keeps growing - how to isolate the problem","ops"
"grafana cpu spikes every few minutes - debug checklist","ops"
"grafana health checks fail after deploy - runbook","ops"
"grafana readiness probe flaps - runbook","ops"
"grafana connections timeout intermittently - step by step diagnosis","ops"
"grafana tls handshake fails - what logs to inspect","ops"
"grafana cannot resolve service names - runbook","ops"
"grafana authentication fails after restart - what logs to inspect","ops"
"loki high latency under load - how to confirm the fix","ops"
"loki returns 502 to upstream - step by step diagnosis","ops"
"loki returns 504 intermittently - how to confirm the fix","ops"
"loki crashes after config reload - step by step diagnosis","ops"
"loki memory usage keeps growing - how to confirm the fix","ops"
"loki cpu spikes every few minutes - triage plan","ops"
"loki health checks fail after deploy - recovery steps","ops"
"loki readiness probe flaps - root cause analysis steps","ops"
"loki connections timeout intermittently - triage plan","ops"
"loki tls handshake fails - how to confirm the fix","ops"
"loki cannot resolve service names - what to verify first","ops"
"loki authentication fails after restart - debug checklist","ops"
"tempo high latency under load - triage plan","ops"
"tempo returns 502 to upstream - runbook","ops"
"tempo returns 504 intermittently - what to verify first","ops"
"tempo crashes after config reload - recovery steps","ops"
"tempo memory usage keeps growing - what logs to inspect","ops"
"tempo cpu spikes every few minutes - root cause analysis steps","ops"
"tempo health checks fail after deploy - step by step diagnosis","ops"
"tempo readiness probe flaps - debug checklist","ops"
"tempo connections timeout intermittently - recovery steps","ops"
"tempo tls handshake fails - how to isolate the problem","ops"
"tempo cannot resolve service names - step by step diagnosis","ops"
"tempo authentication fails after restart - what logs to inspect","ops"
"fluent-bit high latency under load - step by step diagnosis","ops"
"fluent-bit returns 502 to upstream - debug checklist","ops"
"fluent-bit returns 504 intermittently - runbook","ops"
"fluent-bit crashes after config reload - what logs to inspect","ops"
"fluent-bit memory usage keeps growing - what logs to inspect","ops"
"fluent-bit cpu spikes every few minutes - runbook","ops"
"fluent-bit health checks fail after deploy - root cause analysis steps","ops"
"fluent-bit readiness probe flaps - root cause analysis steps","ops"
"fluent-bit connections timeout intermittently - what to verify first","ops"
"fluent-bit tls handshake fails - step by step diagnosis","ops"
"fluent-bit cannot resolve service names - debug checklist","ops"
"fluent-bit authentication fails after restart - how to isolate the problem","ops"
"opentelemetry collector high latency under load - recovery steps","ops"
"opentelemetry collector returns 502 to upstream - step by step diagnosis","ops"
"opentelemetry collector returns 504 intermittently - what to verify first","ops"
"opentelemetry collector crashes after config reload - how to isolate the problem","ops"
"opentelemetry collector memory usage keeps growing - what logs to inspect","ops"
"opentelemetry collector cpu spikes every few minutes - triage plan","ops"
"opentelemetry collector health checks fail after deploy - triage plan","ops"
"opentelemetry collector readiness probe flaps - how to confirm the fix","ops"
"opentelemetry collector connections timeout intermittently - step by step diagnosis","ops"
"opentelemetry collector tls handshake fails - triage plan","ops"
"opentelemetry collector cannot resolve service names - debug checklist","ops"
"opentelemetry collector authentication fails after restart - how to confirm the fix","ops"
"gunicorn high latency under load - step by step diagnosis","ops"
"gunicorn returns 502 to upstream - root cause analysis steps","ops"
"gunicorn returns 504 intermittently - debug checklist","ops"
"gunicorn crashes after config reload - runbook","ops"
"gunicorn memory usage keeps growing - root cause analysis steps","ops"
"gunicorn cpu spikes every few minutes - root cause analysis steps","ops"
"gunicorn health checks fail after deploy - recovery steps","ops"
"gunicorn readiness probe flaps - runbook","ops"
"gunicorn connections timeout intermittently - how to isolate the problem","ops"
"gunicorn tls handshake fails - recovery steps","ops"
"gunicorn cannot resolve service names - recovery steps","ops"
"gunicorn authentication fails after restart - triage plan","ops"
"uvicorn high latency under load - step by step diagnosis","ops"
"uvicorn returns 502 to upstream - triage plan","ops"
"uvicorn returns 504 intermittently - what to verify first","ops"
"uvicorn crashes after config reload - step by step diagnosis","ops"
"uvicorn memory usage keeps growing - triage plan","ops"
"uvicorn cpu spikes every few minutes - triage plan","ops"
"uvicorn health checks fail after deploy - step by step diagnosis","ops"
"uvicorn readiness probe flaps - how to isolate the problem","ops"
"uvicorn connections timeout intermittently - triage plan","ops"
"uvicorn tls handshake fails - how to isolate the problem","ops"
"uvicorn cannot resolve service names - what logs to inspect","ops"
"uvicorn authentication fails after restart - how to isolate the problem","ops"
"celery high latency under load - what to verify first","ops"
"celery returns 502 to upstream - what logs to inspect","ops"
"celery returns 504 intermittently - root cause analysis steps","ops"
"celery crashes after config reload - what logs to inspect","ops"
"celery memory usage keeps growing - debug checklist","ops"
"celery cpu spikes every few minutes - debug checklist","ops"
"celery health checks fail after deploy - root cause analysis steps","ops"
"celery readiness probe flaps - step by step diagnosis","ops"
"celery connections timeout intermittently - root cause analysis steps","ops"
"celery tls handshake fails - root cause analysis steps","ops"
"celery cannot resolve service names - triage plan","ops"
"celery authentication fails after restart - how to isolate the problem","ops"
"pytest high latency under load - step by step diagnosis","ops"
"pytest returns 502 to upstream - step by step diagnosis","ops"
"pytest returns 504 intermittently - triage plan","ops"
"pytest crashes after config reload - step by step diagnosis","ops"
"pytest memory usage keeps growing - recovery steps","ops"
"pytest cpu spikes every few minutes - what logs to inspect","ops"
"pytest health checks fail after deploy - step by step diagnosis","ops"
"pytest readiness probe flaps - recovery steps","ops"
"pytest connections timeout intermittently - root cause analysis steps","ops"
"pytest tls handshake fails - step by step diagnosis","ops"
"pytest cannot resolve service names - triage plan","ops"
"pytest authentication fails after restart - runbook","ops"
"jest high latency under load - what logs to inspect","ops"
"jest returns 502 to upstream - what to verify first","ops"
"jest returns 504 intermittently - how to confirm the fix","ops"
"jest crashes after config reload - step by step diagnosis","ops"
"jest memory usage keeps growing - how to isolate the problem","ops"
"jest cpu spikes every few minutes - triage plan","ops"
"jest health checks fail after deploy - runbook","ops"
"jest readiness probe flaps - how to confirm the fix","ops"
"jest connections timeout intermittently - recovery steps","ops"
"jest tls handshake fails - what to verify first","ops"
"jest cannot resolve service names - step by step diagnosis","ops"
"jest authentication fails after restart - recovery steps","ops"
"github actions runner high latency under load - debug checklist","ops"
"github actions runner returns 502 to upstream - what to verify first","ops"
"github actions runner returns 504 intermittently - what to verify first","ops"
"github actions runner crashes after config reload - how to confirm the fix","ops"
"github actions runner memory usage keeps growing - what to verify first","ops"
"github actions runner cpu spikes every few minutes - how to confirm the fix","ops"
"github actions runner health checks fail after deploy - recovery steps","ops"
"github actions runner readiness probe flaps - debug checklist","ops"
"github actions runner connections timeout intermittently - runbook","ops"
"github actions runner tls handshake fails - debug checklist","ops"
"github actions runner cannot resolve service names - how to confirm the fix","ops"
"github actions runner authentication fails after restart - runbook","ops"
"gitlab runner high latency under load - root cause analysis steps","ops"
"how does consistent hashing work for load balancing","search"
"how does bloom filter work","search"
"how does consistent hashing work","search"
"explain consistent hashing in simple terms","search"
"when should I use consistent hashing","search"
"what problem does consistent hashing solve","search"
"explain bloom filter in simple terms","search"
"when should I use bloom filter","search"
"what problem does bloom filter solve","search"
"how does quorum work","search"
"explain quorum in simple terms","search"
"when should I use quorum","search"
"what problem does quorum solve","search"
"how does backpressure work","search"
"explain backpressure in simple terms","search"
"when should I use backpressure","search"
"what problem does backpressure solve","search"
"how does event sourcing work","search"
"explain event sourcing in simple terms","search"
"when should I use event sourcing","search"
"what problem does event sourcing solve","search"
"how does saga pattern work","search"
"explain saga pattern in simple terms","search"
"when should I use saga pattern","search"
"what problem does saga pattern solve","search"
"how does distributed locking work","search"
"explain distributed locking in simple terms","search"
"when should I use distributed locking","search"
"what problem does distributed locking solve","search"
"how does vector clocks work","search"
"explain vector clocks in simple terms","search"
"when should I use vector clocks","search"
"what problem does vector clocks solve","search"
"how does leader election work","search"
"explain leader election in simple terms","search"
"when should I use leader election","search"
"what problem does leader election solve","search"
"how does split brain work","search"
"explain split brain in simple terms","search"
"when should I use split brain","search"
"what problem does split brain solve","search"
"how does rate limiting work","search"
"explain rate limiting in simple terms","search"
"when should I use rate limiting","search"
"what problem does rate limiting solve","search"
"how does circuit breaker work","search"
"explain circuit breaker in simple terms","search"
"when should I use circuit breaker","search"
"what problem does circuit breaker solve","search"
"how does idempotency key work","search"
"explain idempotency key in simple terms","search"
"when should I use idempotency key","search"
"what problem does idempotency key solve","search"
"how does connection pooling work","search"
"explain connection pooling in simple terms","search"
"when should I use connection pooling","search"
"what problem does connection pooling solve","search"
"how does write ahead log work","search"
"explain write ahead log in simple terms","search"
"when should I use write ahead log","search"
"what problem does write ahead log solve","search"
"how does replication lag work","search"
"explain replication lag in simple terms","search"
"when should I use replication lag","search"
"what problem does replication lag solve","search"
"how does dead letter queue work","search"
"explain dead letter queue in simple terms","search"
"when should I use dead letter queue","search"
"what problem does dead letter queue solve","search"
"how does exactly once delivery work","search"
"explain exactly once delivery in simple terms","search"
"when should I use exactly once delivery","search"
"what problem does exactly once delivery solve","search"
"how does eventual consistency work","search"
"explain eventual consistency in simple terms","search"
"when should I use eventual consistency","search"
"what problem does eventual consistency solve","search"
"how does strong consistency work","search"
"explain strong consistency in simple terms","search"
"when should I use strong consistency","search"
"what problem does strong consistency solve","search"
"how does content negotiation work","search"
"explain content negotiation in simple terms","search"
"when should I use content negotiation","search"
"what problem does content negotiation solve","search"
"how does cache invalidation work","search"
"explain cache invalidation in simple terms","search"
"when should I use cache invalidation","search"
"what problem does cache invalidation solve","search"
"how does hash ring work","search"
"explain hash ring in simple terms","search"
"when should I use hash ring","search"
"what problem does hash ring solve","search"
"how does token bucket work","search"
"explain token bucket in simple terms","search"
"when should I use token bucket","search"
"what problem does token bucket solve","search"
"how does leaky bucket work","search"
"explain leaky bucket in simple terms","search"
"when should I use leaky bucket","search"
"what problem does leaky bucket solve","search"
"how does jwt work","search"
"explain jwt in simple terms","search"
"when should I use jwt","search"
"what problem does jwt solve","search"
"how does mtls work","search"
"explain mtls in simple terms","search"
"when should I use mtls","search"
"what problem does mtls solve","search"
"how does dns ttl work","search"
"explain dns ttl in simple terms","search"
"when should I use dns ttl","search"
"what problem does dns ttl solve","search"
"how does service discovery work","search"
"explain service discovery in simple terms","search"
"when should I use service discovery","search"
"what problem does service discovery solve","search"
"how does sharding work","search"
"explain sharding in simple terms","search"
"when should I use sharding","search"
"find text in a screenshot and highlight it","image"
"apply vintage filter to portrait","image"
"generate alt text for accessibility","image"
"create thumbnail for video preview","image"
"apply cinematic color grading to photo","image"
"convert image to black and white","image"
"detect text in a screenshot","image"
"extract text in a screenshot","image"
"analyze text in a screenshot","image"
"detect tables in a scanned PDF image","image"
"extract tables in a scanned PDF image","image"
"analyze tables in a scanned PDF image","image"
"detect faces in group photos","image"
"extract faces in group photos","image"
"analyze faces in group photos","image"
"detect logos in product photos","image"
"extract logos in product photos","image"
"analyze logos in product photos","image"
"detect objects in warehouse camera frames","image"
"extract objects in warehouse camera frames","image"
"analyze objects in warehouse camera frames","image"
"detect receipts in mobile photos","image"
"extract receipts in mobile photos","image"
"analyze receipts in mobile photos","image"
"detect license plates in parking images","image"
"extract license plates in parking images","image"
"analyze license plates in parking images","image"
"detect damaged areas in inspection photos","image"
"extract damaged areas in inspection photos","image"
"analyze damaged areas in inspection photos","image"
"detect charts in screenshots","image"
"extract charts in screenshots","image"
"analyze charts in screenshots","image"
"detect barcodes in package images","image"
"extract barcodes in package images","image"
"analyze barcodes in package images","image"
"detect qr codes in screenshots","image"
"extract qr codes in screenshots","image"
"analyze qr codes in screenshots","image"
"detect handwritten notes in whiteboard photos","image"
"extract handwritten notes in whiteboard photos","image"
"analyze handwritten notes in whiteboard photos","image"
"detect signatures in form images","image"
"extract signatures in form images","image"
"analyze signatures in form images","image"
"detect watermarks in images","image"
"extract watermarks in images","image"
"analyze watermarks in images","image"
"detect duplicate frames in a video preview strip","image"
"extract duplicate frames in a video preview strip","image"
"analyze duplicate frames in a video preview strip","image"
"detect blurry regions in a photo","image"
"extract blurry regions in a photo","image"
"analyze blurry regions in a photo","image"
"detect sensitive information in screenshots","image"
"extract sensitive information in screenshots","image"
"analyze sensitive information in screenshots","image"
"detect UI elements in an app screenshot","image"
"extract UI elements in an app screenshot","image"
"analyze UI elements in an app screenshot","image"
"detect captions from product images","image"
"extract captions from product images","image"
"analyze captions from product images","image"
"detect thumbnails for video preview","image"
"extract thumbnails for video preview","image"
"analyze thumbnails for video preview","image"
"detect alt text for accessibility","image"
"extract alt text for accessibility","image"
"analyze alt text for accessibility","image"
"detect vintage filter to portrait","image"
"extract vintage filter to portrait","image"
"analyze vintage filter to portrait","image"
"detect objects in drone images","image"
"extract objects in drone images","image"
"analyze objects in drone images","image"
"detect text blocks in a document screenshot","image"
"extract text blocks in a document screenshot","image"
"analyze text blocks in a document screenshot","image"
"detect keypoints in an image","image"
"extract keypoints in an image","image"
"analyze keypoints in an image","image"
"detect faces with masks in photos","image"
"extract faces with masks in photos","image"
"analyze faces with masks in photos","image"
"detect brand names in packaging photos","image"
"extract brand names in packaging photos","image"
"analyze brand names in packaging photos","image"
"find text in a screenshot and highlight matching words","image"
"generate alt text for an ecommerce product image","image"
"create thumbnail for a long video preview strip","image"
"apply vintage filter to a studio portrait photo","image"
"detect duplicate screenshots in a folder","image"
"read code from a terminal screenshot","image"
"extract error text from a browser screenshot","image"
"highlight changed areas between two UI screenshots","image"
"detect crop boundaries in a scanned document image","image"
"straighten a photographed document page","image"
"remove glare from a photo of a whiteboard","image"
"detect small objects in high resolution image","image"
"count vehicles in parking lot drone image","image"
"generate captions for social media image posts","image"
"moderate screenshot for sensitive data exposure","image"
"highlight text in a screenshot","image"
"highlight menu items in a food photo","image"
"highlight people in a crowd image","image"
"highlight icons in a dashboard screenshot","image"
"highlight defects in a product image","image"
"highlight lines in a chart screenshot","image"
"highlight faces in a webcam photo","image"
"highlight objects in a security camera frame","image"
"highlight logos in a presentation screenshot","image"
"highlight annotations in a diagram image","image"
"highlight tables in a screenshot","image"
"highlight buttons in a mobile app screenshot","image"
"highlight captions in a social media screenshot","image"
"highlight receipts in expense photos","image"
"highlight serial numbers in equipment photos","image"
"locate text in a screenshot","image"
"locate menu items in a food photo","image"
"locate people in a crowd image","image"
"tell me something interesting","unknown"
"what should I do this weekend","unknown"
"write a birthday message","unknown"
"translate this to french","unknown"
"summarize my day","unknown"
"do you know me","unknown"
"which movie should I watch tonight","unknown"
"compose a love letter","unknown"
"what is the capital of france","unknown"
"who won yesterday","unknown"
"what does your name mean","unknown"
"how old are you","unknown"
"can you be my friend","unknown"
"give me a motivational quote","unknown"
"what should I wear today","unknown"
"i am bored","unknown"
"make this sound polite","unknown"
"rewrite this paragraph","unknown"
"help me name my cat","unknown"
"plan a vacation for me","unknown"
"what is the meaning of life","unknown"
"am i doing okay","unknown"
"guess what i am thinking","unknown"
"do you dream","unknown"
"say hello in spanish","unknown"
"tell me a riddle","unknown"
"make a pun","unknown"
"what's your opinion on art","unknown"
"who is the best football player","unknown"
"write a haiku","unknown"
"can you roleplay","unknown"
"be sarcastic","unknown"
"do a magic trick","unknown"
"tell me a secret","unknown"
"what happened in the news","unknown"
"what should i cook","unknown"
"which phone should i buy","unknown"
"read this aloud","unknown"
"can you sing","unknown"
"invent a bedtime story","unknown"
"make me a playlist","unknown"
"what's trending","unknown"
"guess my mood","unknown"
"i need advice","unknown"
"can you meditate with me","unknown"
"generate a shopping list","unknown"
"recommend a restaurant","unknown"
"who am i","unknown"
"are you conscious","unknown"
"help me flirt","unknown"
"what emoji fits this","unknown"
"name my project","unknown"
"i changed my mind","unknown"
"never mind that","unknown"
"just checking","unknown"
"is anyone there","unknown"
"random question incoming","unknown"
"don't answer that","unknown"
"this is not important","unknown"
"something completely different","unknown"
"let's talk about sports","unknown"
"i have a weird question","unknown"
"does pineapple belong on pizza","unknown"
"tell me your thoughts","unknown"
"can you improvise","unknown"
"say something wise","unknown"
"make this prettier","unknown"
"what's your vibe","unknown"
"this is nonsense probably","unknown"
"banana spaceship thunder","unknown"
"purple cloud engine","unknown"
"moon chair notebook","unknown"
"turnip orchestra signal","unknown"
"write a tweet","unknown"
"draft an email","unknown"
"what's for lunch","unknown"
"i forgot what i wanted","unknown"
"maybe later","unknown"
"all good","unknown"
"sounds fine","unknown"
